"Pressure","VMAG","Velocity:0","Velocity:1","Velocity:2","vtkValidPointMask","arc_length","Points:0","Points:1","Points:2"
0.0027615,0.0029697,-0.0029697,1.345e-06,0,1,0,0.5,0,0
0.0027618,0.0033361,-0.0033361,1.633e-06,0,1,0.001,0.5,0.001,0
0.0027621,0.0037025,-0.0037025,1.921e-06,0,1,0.002,0.5,0.002,0
0.0027624,0.0040689,-0.0040689,2.209e-06,0,1,0.003,0.5,0.003,0
0.0027627,0.0044353,-0.0044352,2.497e-06,0,1,0.004,0.5,0.004,0
0.002763,0.0048017,-0.0048016,2.785e-06,0,1,0.005,0.5,0.005,0
0.0027632,0.005168,-0.005168,3.073e-06,0,1,0.006,0.5,0.006,0
0.0027635,0.0055344,-0.0055344,3.361e-06,0,1,0.007,0.5,0.007,0
0.0027638,0.0059672,-0.0059672,3.737e-06,0,1,0.008,0.5,0.008,0
0.0027643,0.0066873,-0.0066873,4.4945e-06,0,1,0.009,0.5,0.009,0
0.0027647,0.0074075,-0.0074075,5.2519e-06,0,1,0.01,0.5,0.01,0
0.0027651,0.0081277,-0.0081276,6.0093e-06,0,1,0.011,0.5,0.011,0
0.0027655,0.0088478,-0.0088478,6.7668e-06,0,1,0.012,0.5,0.012,0
0.002766,0.009568,-0.009568,7.5242e-06,0,1,0.013,0.5,0.013,0
0.0027664,0.010288,-0.010288,8.2817e-06,0,1,0.014,0.5,0.014,0
0.0027668,0.011008,-0.011008,9.0391e-06,0,1,0.015,0.5,0.015,0
0.0027671,0.011719,-0.011719,9.9005e-06,0,1,0.016,0.5,0.016,0
0.0027672,0.012415,-0.012415,1.0935e-05,0,1,0.017,0.5,0.017,0
0.0027673,0.013111,-0.013111,1.197e-05,0,1,0.018,0.5,0.018,0
0.0027675,0.013807,-0.013807,1.3004e-05,0,1,0.019,0.5,0.019,0
0.0027676,0.014503,-0.014503,1.4039e-05,0,1,0.02,0.5,0.02,0
0.0027677,0.015199,-0.015199,1.5073e-05,0,1,0.021,0.5,0.021,0
0.0027678,0.015895,-0.015895,1.6108e-05,0,1,0.022,0.5,0.022,0
0.0027679,0.016591,-0.016591,1.7142e-05,0,1,0.023,0.5,0.023,0
0.0027679,0.017274,-0.017274,1.8246e-05,0,1,0.024,0.5,0.024,0
0.0027677,0.017947,-0.017947,1.9403e-05,0,1,0.025,0.5,0.025,0
0.0027675,0.018621,-0.018621,2.0559e-05,0,1,0.026,0.5,0.026,0
0.0027673,0.019295,-0.019295,2.1716e-05,0,1,0.027,0.5,0.027,0
0.0027671,0.019968,-0.019968,2.2873e-05,0,1,0.028,0.5,0.028,0
0.0027669,0.020642,-0.020642,2.403e-05,0,1,0.029,0.5,0.029,0
0.0027667,0.021315,-0.021315,2.5186e-05,0,1,0.03,0.5,0.03,0
0.0027665,0.021989,-0.021989,2.6343e-05,0,1,0.031,0.5,0.031,0
0.0027661,0.022647,-0.022647,2.7501e-05,0,1,0.032,0.5,0.032,0
0.0027655,0.0233,-0.0233,2.866e-05,0,1,0.033,0.5,0.033,0
0.002765,0.023953,-0.023953,2.9818e-05,0,1,0.034,0.5,0.034,0
0.0027644,0.024606,-0.024606,3.0977e-05,0,1,0.035,0.5,0.035,0
0.0027639,0.02526,-0.02526,3.2135e-05,0,1,0.036,0.5,0.036,0
0.0027634,0.025913,-0.025913,3.3293e-05,0,1,0.037,0.5,0.037,0
0.0027628,0.026566,-0.026566,3.4452e-05,0,1,0.038,0.5,0.038,0
0.0027623,0.027219,-0.027219,3.561e-05,0,1,0.039,0.5,0.039,0
0.0027614,0.027854,-0.027854,3.6688e-05,0,1,0.04,0.5,0.04,0
0.0027605,0.028489,-0.028489,3.776e-05,0,1,0.041,0.5,0.041,0
0.0027596,0.029123,-0.029123,3.8832e-05,0,1,0.042,0.5,0.042,0
0.0027587,0.029757,-0.029757,3.9905e-05,0,1,0.043,0.5,0.043,0
0.0027578,0.030392,-0.030392,4.0977e-05,0,1,0.044,0.5,0.044,0
0.0027569,0.031026,-0.031026,4.2049e-05,0,1,0.045,0.5,0.045,0
0.0027559,0.031661,-0.03166,4.3122e-05,0,1,0.046,0.5,0.046,0
0.002755,0.032293,-0.032293,4.4176e-05,0,1,0.047,0.5,0.047,0
0.0027536,0.03291,-0.03291,4.5106e-05,0,1,0.048,0.5,0.048,0
0.0027523,0.033527,-0.033527,4.6036e-05,0,1,0.049,0.5,0.049,0
0.002751,0.034144,-0.034144,4.6966e-05,0,1,0.05,0.5,0.05,0
0.0027497,0.034762,-0.034762,4.7896e-05,0,1,0.051,0.5,0.051,0
0.0027483,0.035379,-0.035379,4.8826e-05,0,1,0.052,0.5,0.052,0
0.002747,0.035996,-0.035996,4.9756e-05,0,1,0.053,0.5,0.053,0
0.0027457,0.036613,-0.036613,5.0686e-05,0,1,0.054,0.5,0.054,0
0.0027442,0.037226,-0.037226,5.1563e-05,0,1,0.055,0.5,0.055,0
0.0027424,0.037827,-0.037827,5.2325e-05,0,1,0.056,0.5,0.056,0
0.0027406,0.038429,-0.038429,5.3088e-05,0,1,0.057,0.5,0.057,0
0.0027388,0.039031,-0.039031,5.385e-05,0,1,0.058,0.5,0.058,0
0.002737,0.039632,-0.039632,5.4612e-05,0,1,0.059,0.5,0.059,0
0.0027352,0.040234,-0.040234,5.5374e-05,0,1,0.06,0.5,0.06,0
0.0027334,0.040836,-0.040835,5.6137e-05,0,1,0.061,0.5,0.061,0
0.0027316,0.041437,-0.041437,5.6899e-05,0,1,0.062,0.5,0.062,0
0.0027295,0.042032,-0.042032,5.758e-05,0,1,0.063,0.5,0.063,0
0.0027272,0.042619,-0.042619,5.818e-05,0,1,0.064,0.5,0.064,0
0.0027249,0.043207,-0.043207,5.8779e-05,0,1,0.065,0.5,0.065,0
0.0027226,0.043794,-0.043794,5.9379e-05,0,1,0.066,0.5,0.066,0
0.0027202,0.044382,-0.044381,5.9979e-05,0,1,0.067,0.5,0.067,0
0.0027179,0.044969,-0.044969,6.0578e-05,0,1,0.068,0.5,0.068,0
0.0027156,0.045557,-0.045556,6.1178e-05,0,1,0.069,0.5,0.069,0
0.0027133,0.046144,-0.046144,6.1778e-05,0,1,0.07,0.5,0.07,0
0.0027105,0.046723,-0.046723,6.2288e-05,0,1,0.071,0.5,0.071,0
0.0027076,0.047297,-0.047297,6.2758e-05,0,1,0.072,0.5,0.072,0
0.0027047,0.047872,-0.047872,6.3228e-05,0,1,0.073,0.5,0.073,0
0.0027017,0.048447,-0.048446,6.3698e-05,0,1,0.074,0.5,0.074,0
0.0026988,0.049021,-0.049021,6.4169e-05,0,1,0.075,0.5,0.075,0
0.0026959,0.049596,-0.049596,6.4639e-05,0,1,0.076,0.5,0.076,0
0.002693,0.050171,-0.05017,6.5109e-05,0,1,0.077,0.5,0.077,0
0.0026901,0.050745,-0.050745,6.5579e-05,0,1,0.078,0.5,0.078,0
0.0026866,0.05131,-0.05131,6.5987e-05,0,1,0.079,0.5,0.079,0
0.002683,0.051873,-0.051873,6.6386e-05,0,1,0.08,0.5,0.08,0
0.0026794,0.052436,-0.052436,6.6786e-05,0,1,0.081,0.5,0.081,0
0.0026758,0.052999,-0.052999,6.7185e-05,0,1,0.082,0.5,0.082,0
0.0026722,0.053562,-0.053562,6.7584e-05,0,1,0.083,0.5,0.083,0
0.0026686,0.054125,-0.054125,6.7984e-05,0,1,0.084,0.5,0.084,0
0.002665,0.054688,-0.054688,6.8383e-05,0,1,0.085,0.5,0.085,0
0.0026614,0.055251,-0.05525,6.8783e-05,0,1,0.086,0.5,0.086,0
0.002657,0.055804,-0.055803,6.9198e-05,0,1,0.087,0.5,0.087,0
0.0026527,0.056356,-0.056356,6.9613e-05,0,1,0.088,0.5,0.088,0
0.0026484,0.056909,-0.056908,7.0028e-05,0,1,0.089,0.5,0.089,0
0.002644,0.057462,-0.057461,7.0442e-05,0,1,0.09,0.5,0.09,0
0.0026397,0.058014,-0.058014,7.0857e-05,0,1,0.091,0.5,0.091,0
0.0026354,0.058567,-0.058567,7.1272e-05,0,1,0.092,0.5,0.092,0
0.002631,0.05912,-0.059119,7.1686e-05,0,1,0.093,0.5,0.093,0
0.0026265,0.05967,-0.05967,7.2133e-05,0,1,0.094,0.5,0.094,0
0.0026213,0.060214,-0.060213,7.2675e-05,0,1,0.095,0.5,0.095,0
0.0026161,0.060757,-0.060756,7.3216e-05,0,1,0.096,0.5,0.096,0
0.002611,0.0613,-0.0613,7.3758e-05,0,1,0.097,0.5,0.097,0
0.0026058,0.061844,-0.061843,7.43e-05,0,1,0.098,0.5,0.098,0
0.0026006,0.062387,-0.062387,7.4842e-05,0,1,0.099,0.5,0.099,0
0.0025955,0.062931,-0.06293,7.5384e-05,0,1,0.1,0.5,0.1,0
0.0025903,0.063474,-0.063473,7.5925e-05,0,1,0.101,0.5,0.101,0
0.0025847,0.064014,-0.064013,7.6582e-05,0,1,0.102,0.5,0.102,0
0.0025787,0.064549,-0.064548,7.7387e-05,0,1,0.103,0.5,0.103,0
0.0025726,0.065084,-0.065083,7.8192e-05,0,1,0.104,0.5,0.104,0
0.0025665,0.065619,-0.065619,7.8996e-05,0,1,0.105,0.5,0.105,0
0.0025604,0.066155,-0.066154,7.9801e-05,0,1,0.106,0.5,0.106,0
0.0025543,0.06669,-0.066689,8.0606e-05,0,1,0.107,0.5,0.107,0
0.0025482,0.067225,-0.067224,8.1411e-05,0,1,0.108,0.5,0.108,0
0.0025421,0.06776,-0.067759,8.2216e-05,0,1,0.109,0.5,0.109,0
0.0025354,0.068291,-0.06829,8.3284e-05,0,1,0.11,0.5,0.11,0
0.0025283,0.068818,-0.068818,8.4511e-05,0,1,0.111,0.5,0.111,0
0.0025212,0.069346,-0.069345,8.5738e-05,0,1,0.112,0.5,0.112,0
0.0025141,0.069874,-0.069873,8.6965e-05,0,1,0.113,0.5,0.113,0
0.002507,0.070402,-0.070401,8.8192e-05,0,1,0.114,0.5,0.114,0
0.0024999,0.07093,-0.070929,8.9419e-05,0,1,0.115,0.5,0.115,0
0.0024928,0.071458,-0.071457,9.0646e-05,0,1,0.116,0.5,0.116,0
0.0024857,0.071986,-0.071984,9.1872e-05,0,1,0.117,0.5,0.117,0
0.0024777,0.072508,-0.072507,9.359e-05,0,1,0.118,0.5,0.118,0
0.0024695,0.07303,-0.073028,9.5421e-05,0,1,0.119,0.5,0.119,0
0.0024613,0.073551,-0.07355,9.7252e-05,0,1,0.12,0.5,0.12,0
0.0024531,0.074072,-0.074071,9.9083e-05,0,1,0.121,0.5,0.121,0
0.0024448,0.074594,-0.074593,0.00010091,0,1,0.122,0.5,0.122,0
0.0024366,0.075115,-0.075114,0.00010275,0,1,0.123,0.5,0.123,0
0.0024284,0.075637,-0.075635,0.00010458,0,1,0.124,0.5,0.124,0
0.0024202,0.076158,-0.076157,0.00010641,0,1,0.125,0.5,0.125,0
0.0024108,0.076674,-0.076672,0.00010905,0,1,0.126,0.5,0.126,0
0.0024013,0.07719,-0.077188,0.00011169,0,1,0.127,0.5,0.127,0
0.0023919,0.077705,-0.077704,0.00011433,0,1,0.128,0.5,0.128,0
0.0023824,0.078221,-0.07822,0.00011697,0,1,0.129,0.5,0.129,0
0.002373,0.078737,-0.078735,0.00011961,0,1,0.13,0.5,0.13,0
0.0023635,0.079253,-0.079251,0.00012225,0,1,0.131,0.5,0.131,0
0.0023541,0.079768,-0.079767,0.00012489,0,1,0.132,0.5,0.132,0
0.0023444,0.080283,-0.080282,0.00012772,0,1,0.133,0.5,0.133,0
0.0023336,0.080794,-0.080793,0.0001314,0,1,0.134,0.5,0.134,0
0.0023229,0.081305,-0.081303,0.00013507,0,1,0.135,0.5,0.135,0
0.0023121,0.081816,-0.081814,0.00013874,0,1,0.136,0.5,0.136,0
0.0023013,0.082327,-0.082325,0.00014242,0,1,0.137,0.5,0.137,0
0.0022905,0.082838,-0.082836,0.00014609,0,1,0.138,0.5,0.138,0
0.0022798,0.083349,-0.083347,0.00014976,0,1,0.139,0.5,0.139,0
0.002269,0.083859,-0.083858,0.00015344,0,1,0.14,0.5,0.14,0
0.0022577,0.084369,-0.084367,0.00015759,0,1,0.141,0.5,0.141,0
0.0022454,0.084875,-0.084874,0.00016255,0,1,0.142,0.5,0.142,0
0.0022332,0.085382,-0.08538,0.0001675,0,1,0.143,0.5,0.143,0
0.002221,0.085889,-0.085887,0.00017245,0,1,0.144,0.5,0.144,0
0.0022088,0.086395,-0.086393,0.00017741,0,1,0.145,0.5,0.145,0
0.0021965,0.086902,-0.0869,0.00018236,0,1,0.146,0.5,0.146,0
0.0021843,0.087409,-0.087407,0.00018732,0,1,0.147,0.5,0.147,0
0.0021721,0.087915,-0.087913,0.00019227,0,1,0.148,0.5,0.148,0
0.002159,0.08842,-0.088418,0.00019809,0,1,0.149,0.5,0.149,0
0.0021452,0.088923,-0.088921,0.00020459,0,1,0.15,0.5,0.15,0
0.0021313,0.089426,-0.089424,0.00021109,0,1,0.151,0.5,0.151,0
0.0021175,0.089929,-0.089927,0.00021759,0,1,0.152,0.5,0.152,0
0.0021037,0.090432,-0.09043,0.00022409,0,1,0.153,0.5,0.153,0
0.0020899,0.090935,-0.090933,0.00023059,0,1,0.154,0.5,0.154,0
0.0020761,0.091438,-0.091436,0.00023709,0,1,0.155,0.5,0.155,0
0.0020623,0.091941,-0.091939,0.00024359,0,1,0.156,0.5,0.156,0
0.0020472,0.092442,-0.092439,0.00025146,0,1,0.157,0.5,0.157,0
0.0020317,0.092942,-0.092939,0.00025979,0,1,0.158,0.5,0.158,0
0.0020162,0.093442,-0.093439,0.00026812,0,1,0.159,0.5,0.159,0
0.0020007,0.093942,-0.093939,0.00027645,0,1,0.16,0.5,0.16,0
0.0019852,0.094442,-0.094439,0.00028478,0,1,0.161,0.5,0.161,0
0.0019697,0.094941,-0.094939,0.00029311,0,1,0.162,0.5,0.162,0
0.0019542,0.095441,-0.095439,0.00030144,0,1,0.163,0.5,0.163,0
0.0019387,0.095941,-0.095938,0.00030976,0,1,0.164,0.5,0.164,0
0.0019214,0.096439,-0.096436,0.00032009,0,1,0.165,0.5,0.165,0
0.0019041,0.096936,-0.096933,0.00033055,0,1,0.166,0.5,0.166,0
0.0018867,0.097433,-0.09743,0.00034101,0,1,0.167,0.5,0.167,0
0.0018694,0.097931,-0.097927,0.00035147,0,1,0.168,0.5,0.168,0
0.001852,0.098428,-0.098425,0.00036194,0,1,0.169,0.5,0.169,0
0.0018346,0.098925,-0.098922,0.0003724,0,1,0.17,0.5,0.17,0
0.0018173,0.099422,-0.099419,0.00038286,0,1,0.171,0.5,0.171,0
0.0017997,0.099919,-0.099916,0.00039362,0,1,0.172,0.5,0.172,0
0.0017804,0.10041,-0.10041,0.00040654,0,1,0.173,0.5,0.173,0
0.001761,0.10091,-0.10091,0.00041945,0,1,0.174,0.5,0.174,0
0.0017417,0.1014,-0.1014,0.00043236,0,1,0.175,0.5,0.175,0
0.0017223,0.1019,-0.1019,0.00044527,0,1,0.176,0.5,0.176,0
0.001703,0.10239,-0.10239,0.00045819,0,1,0.177,0.5,0.177,0
0.0016837,0.10289,-0.10289,0.0004711,0,1,0.178,0.5,0.178,0
0.0016643,0.10338,-0.10338,0.00048401,0,1,0.179,0.5,0.179,0
0.0016443,0.10388,-0.10387,0.00049779,0,1,0.18,0.5,0.18,0
0.0016229,0.10437,-0.10437,0.00051349,0,1,0.181,0.5,0.181,0
0.0016014,0.10486,-0.10486,0.00052919,0,1,0.182,0.5,0.182,0
0.0015799,0.10536,-0.10535,0.00054489,0,1,0.183,0.5,0.183,0
0.0015584,0.10585,-0.10585,0.00056059,0,1,0.184,0.5,0.184,0
0.001537,0.10634,-0.10634,0.00057629,0,1,0.185,0.5,0.185,0
0.0015155,0.10684,-0.10683,0.00059199,0,1,0.186,0.5,0.186,0
0.001494,0.10733,-0.10733,0.00060769,0,1,0.187,0.5,0.187,0
0.0014714,0.10782,-0.10782,0.00062496,0,1,0.188,0.5,0.188,0
0.0014477,0.10831,-0.10831,0.00064379,0,1,0.189,0.5,0.189,0
0.0014239,0.10881,-0.1088,0.00066263,0,1,0.19,0.5,0.19,0
0.0014002,0.1093,-0.10929,0.00068147,0,1,0.191,0.5,0.191,0
0.0013764,0.10979,-0.10978,0.0007003,0,1,0.192,0.5,0.192,0
0.0013526,0.11028,-0.11027,0.00071914,0,1,0.193,0.5,0.193,0
0.0013289,0.11077,-0.11076,0.00073797,0,1,0.194,0.5,0.194,0
0.0013051,0.11126,-0.11126,0.00075681,0,1,0.195,0.5,0.195,0
0.0012797,0.11175,-0.11175,0.00077805,0,1,0.196,0.5,0.196,0
0.0012535,0.11224,-0.11224,0.00080039,0,1,0.197,0.5,0.197,0
0.0012273,0.11273,-0.11272,0.00082273,0,1,0.198,0.5,0.198,0
0.0012011,0.11322,-0.11321,0.00084507,0,1,0.199,0.5,0.199,0
0.0011749,0.11371,-0.1137,0.00086741,0,1,0.2,0.5,0.2,0
0.0011487,0.1142,-0.11419,0.00088975,0,1,0.201,0.5,0.201,0
0.0011225,0.11469,-0.11468,0.00091208,0,1,0.202,0.5,0.202,0
0.0010963,0.11518,-0.11517,0.00093442,0,1,0.203,0.5,0.203,0
0.0010678,0.11567,-0.11566,0.00096015,0,1,0.204,0.5,0.204,0
0.001039,0.11616,-0.11615,0.00098637,0,1,0.205,0.5,0.205,0
0.0010102,0.11665,-0.11664,0.0010126,0,1,0.206,0.5,0.206,0
0.00098136,0.11713,-0.11713,0.0010388,0,1,0.207,0.5,0.207,0
0.00095255,0.11762,-0.11761,0.001065,0,1,0.208,0.5,0.208,0
0.00092373,0.11811,-0.1181,0.0010912,0,1,0.209,0.5,0.209,0
0.00089492,0.1186,-0.11859,0.0011175,0,1,0.21,0.5,0.21,0
0.00086593,0.11909,-0.11908,0.0011439,0,1,0.211,0.5,0.211,0
0.00083433,0.11958,-0.11956,0.0011744,0,1,0.212,0.5,0.212,0
0.00080273,0.12006,-0.12005,0.0012049,0,1,0.213,0.5,0.213,0
0.00077113,0.12055,-0.12054,0.0012354,0,1,0.214,0.5,0.214,0
0.00073953,0.12104,-0.12102,0.0012659,0,1,0.215,0.5,0.215,0
0.00070793,0.12152,-0.12151,0.0012964,0,1,0.216,0.5,0.216,0
0.00067634,0.12201,-0.122,0.0013268,0,1,0.217,0.5,0.217,0
0.00064474,0.1225,-0.12248,0.0013573,0,1,0.218,0.5,0.218,0
0.0006124,0.12298,-0.12297,0.001389,0,1,0.219,0.5,0.219,0
0.00057784,0.12347,-0.12346,0.0014241,0,1,0.22,0.5,0.22,0
0.00054327,0.12395,-0.12394,0.0014593,0,1,0.221,0.5,0.221,0
0.00050871,0.12444,-0.12443,0.0014944,0,1,0.222,0.5,0.222,0
0.00047415,0.12493,-0.12491,0.0015296,0,1,0.223,0.5,0.223,0
0.00043959,0.12541,-0.1254,0.0015647,0,1,0.224,0.5,0.224,0
0.00040503,0.1259,-0.12588,0.0015999,0,1,0.225,0.5,0.225,0
0.00037046,0.12638,-0.12637,0.001635,0,1,0.226,0.5,0.226,0
0.00033453,0.12687,-0.12685,0.0016724,0,1,0.227,0.5,0.227,0
0.00029682,0.12735,-0.12733,0.0017126,0,1,0.228,0.5,0.228,0
0.00025911,0.12783,-0.12782,0.0017528,0,1,0.229,0.5,0.229,0
0.0002214,0.12832,-0.1283,0.0017931,0,1,0.23,0.5,0.23,0
0.00018369,0.1288,-0.12878,0.0018333,0,1,0.231,0.5,0.231,0
0.00014599,0.12929,-0.12927,0.0018735,0,1,0.232,0.5,0.232,0
0.00010828,0.12977,-0.12975,0.0019137,0,1,0.233,0.5,0.233,0
7.0571e-05,0.13025,-0.13023,0.0019539,0,1,0.234,0.5,0.234,0
3.0779e-05,0.13074,-0.13072,0.0019976,0,1,0.235,0.5,0.235,0
-1.0263e-05,0.13122,-0.1312,0.0020433,0,1,0.236,0.5,0.236,0
-5.1305e-05,0.1317,-0.13168,0.002089,0,1,0.237,0.5,0.237,0
-9.2347e-05,0.13218,-0.13216,0.0021347,0,1,0.238,0.5,0.238,0
-0.00013339,0.13267,-0.13264,0.0021804,0,1,0.239,0.5,0.239,0
-0.00017443,0.13315,-0.13312,0.0022261,0,1,0.24,0.5,0.24,0
-0.00021547,0.13363,-0.1336,0.0022718,0,1,0.241,0.5,0.241,0
-0.00025651,0.13411,-0.13409,0.0023175,0,1,0.242,0.5,0.242,0
-0.00030042,0.13459,-0.13457,0.0023681,0,1,0.243,0.5,0.243,0
-0.00034498,0.13507,-0.13504,0.0024197,0,1,0.244,0.5,0.244,0
-0.00038954,0.13555,-0.13552,0.0024713,0,1,0.245,0.5,0.245,0
-0.0004341,0.13603,-0.136,0.0025229,0,1,0.246,0.5,0.246,0
-0.00047866,0.13651,-0.13648,0.0025745,0,1,0.247,0.5,0.247,0
-0.00052323,0.13699,-0.13696,0.0026261,0,1,0.248,0.5,0.248,0
-0.00056779,0.13747,-0.13744,0.0026777,0,1,0.249,0.5,0.249,0
-0.00061235,0.13795,-0.13792,0.0027293,0,1,0.25,0.5,0.25,0
-0.00066064,0.13843,-0.1384,0.0027873,0,1,0.251,0.5,0.251,0
-0.00070893,0.13891,-0.13887,0.0028452,0,1,0.252,0.5,0.252,0
-0.00075722,0.13939,-0.13935,0.0029032,0,1,0.253,0.5,0.253,0
-0.0008055,0.13986,-0.13983,0.0029611,0,1,0.254,0.5,0.254,0
-0.00085379,0.14034,-0.1403,0.0030191,0,1,0.255,0.5,0.255,0
-0.00090208,0.14082,-0.14078,0.003077,0,1,0.256,0.5,0.256,0
-0.00095037,0.1413,-0.14126,0.003135,0,1,0.257,0.5,0.257,0
-0.0009994,0.14177,-0.14173,0.0031942,0,1,0.258,0.5,0.258,0
-0.0010516,0.14225,-0.1422,0.0032589,0,1,0.259,0.5,0.259,0
-0.0011039,0.14272,-0.14268,0.0033236,0,1,0.26,0.5,0.26,0
-0.0011561,0.1432,-0.14315,0.0033883,0,1,0.261,0.5,0.261,0
-0.0012083,0.14367,-0.14362,0.003453,0,1,0.262,0.5,0.262,0
-0.0012605,0.14415,-0.1441,0.0035177,0,1,0.263,0.5,0.263,0
-0.0013128,0.14462,-0.14457,0.0035823,0,1,0.264,0.5,0.264,0
-0.001365,0.1451,-0.14504,0.003647,0,1,0.265,0.5,0.265,0
-0.0014188,0.14557,-0.14552,0.0037144,0,1,0.266,0.5,0.266,0
-0.0014752,0.14604,-0.14599,0.0037863,0,1,0.267,0.5,0.267,0
-0.0015315,0.14651,-0.14646,0.0038582,0,1,0.268,0.5,0.268,0
-0.0015879,0.14699,-0.14693,0.00393,0,1,0.269,0.5,0.269,0
-0.0016443,0.14746,-0.14739,0.0040019,0,1,0.27,0.5,0.27,0
-0.0017007,0.14793,-0.14786,0.0040738,0,1,0.271,0.5,0.271,0
-0.001757,0.1484,-0.14833,0.0041457,0,1,0.272,0.5,0.272,0
-0.0018134,0.14887,-0.1488,0.0042175,0,1,0.273,0.5,0.273,0
-0.0018722,0.14934,-0.14927,0.0042937,0,1,0.274,0.5,0.274,0
-0.0019329,0.14981,-0.14974,0.0043731,0,1,0.275,0.5,0.275,0
-0.0019937,0.15028,-0.1502,0.0044526,0,1,0.276,0.5,0.276,0
-0.0020544,0.15074,-0.15067,0.004532,0,1,0.277,0.5,0.277,0
-0.0021151,0.15121,-0.15113,0.0046115,0,1,0.278,0.5,0.278,0
-0.0021758,0.15168,-0.1516,0.004691,0,1,0.279,0.5,0.279,0
-0.0022366,0.15215,-0.15206,0.0047704,0,1,0.28,0.5,0.28,0
-0.0022973,0.15261,-0.15253,0.0048499,0,1,0.281,0.5,0.281,0
-0.0023614,0.15308,-0.15299,0.0049353,0,1,0.282,0.5,0.282,0
-0.0024267,0.15354,-0.15345,0.0050228,0,1,0.283,0.5,0.283,0
-0.002492,0.154,-0.15391,0.0051103,0,1,0.284,0.5,0.284,0
-0.0025572,0.15447,-0.15437,0.0051977,0,1,0.285,0.5,0.285,0
-0.0026225,0.15493,-0.15483,0.0052852,0,1,0.286,0.5,0.286,0
-0.0026878,0.15539,-0.15529,0.0053726,0,1,0.287,0.5,0.287,0
-0.0027531,0.15586,-0.15575,0.0054601,0,1,0.288,0.5,0.288,0
-0.0028184,0.15632,-0.15621,0.0055476,0,1,0.289,0.5,0.289,0
-0.0028881,0.15678,-0.15666,0.0056429,0,1,0.29,0.5,0.29,0
-0.0029581,0.15723,-0.15712,0.0057388,0,1,0.291,0.5,0.291,0
-0.0030282,0.15769,-0.15757,0.0058347,0,1,0.292,0.5,0.292,0
-0.0030982,0.15815,-0.15803,0.0059305,0,1,0.293,0.5,0.293,0
-0.0031683,0.15861,-0.15848,0.0060264,0,1,0.294,0.5,0.294,0
-0.0032383,0.15906,-0.15894,0.0061223,0,1,0.295,0.5,0.295,0
-0.0033084,0.15952,-0.15939,0.0062181,0,1,0.296,0.5,0.296,0
-0.003379,0.15998,-0.15984,0.0063151,0,1,0.297,0.5,0.297,0
-0.003454,0.16043,-0.16029,0.0064198,0,1,0.298,0.5,0.298,0
-0.0035291,0.16088,-0.16074,0.0065244,0,1,0.299,0.5,0.299,0
-0.0036041,0.16133,-0.16119,0.0066291,0,1,0.3,0.5,0.3,0
-0.0036791,0.16178,-0.16163,0.0067338,0,1,0.301,0.5,0.301,0
-0.0037541,0.16224,-0.16208,0.0068384,0,1,0.302,0.5,0.302,0
-0.0038291,0.16269,-0.16253,0.0069431,0,1,0.303,0.5,0.303,0
-0.0039041,0.16314,-0.16297,0.0070478,0,1,0.304,0.5,0.304,0
-0.0039808,0.16359,-0.16342,0.0071553,0,1,0.305,0.5,0.305,0
-0.004061,0.16403,-0.16386,0.0072692,0,1,0.306,0.5,0.306,0
-0.0041412,0.16448,-0.1643,0.007383,0,1,0.307,0.5,0.307,0
-0.0042213,0.16492,-0.16474,0.0074969,0,1,0.308,0.5,0.308,0
-0.0043015,0.16537,-0.16518,0.0076107,0,1,0.309,0.5,0.309,0
-0.0043817,0.16581,-0.16562,0.0077246,0,1,0.31,0.5,0.31,0
-0.0044619,0.16625,-0.16606,0.0078384,0,1,0.311,0.5,0.311,0
-0.0045421,0.1667,-0.1665,0.0079523,0,1,0.312,0.5,0.312,0
-0.004625,0.16714,-0.16693,0.0080709,0,1,0.313,0.5,0.313,0
-0.0047106,0.16758,-0.16736,0.0081943,0,1,0.314,0.5,0.314,0
-0.0047962,0.16801,-0.16779,0.0083177,0,1,0.315,0.5,0.315,0
-0.0048818,0.16845,-0.16822,0.0084411,0,1,0.316,0.5,0.316,0
-0.0049674,0.16889,-0.16866,0.0085645,0,1,0.317,0.5,0.317,0
-0.0050529,0.16932,-0.16909,0.0086879,0,1,0.318,0.5,0.318,0
-0.0051385,0.16976,-0.16952,0.0088113,0,1,0.319,0.5,0.319,0
-0.0052241,0.1702,-0.16995,0.0089347,0,1,0.32,0.5,0.32,0
-0.0053135,0.17063,-0.17037,0.0090649,0,1,0.321,0.5,0.321,0
-0.0054047,0.17105,-0.17079,0.0091982,0,1,0.322,0.5,0.322,0
-0.0054959,0.17148,-0.17121,0.0093315,0,1,0.323,0.5,0.323,0
-0.0055871,0.17191,-0.17163,0.0094648,0,1,0.324,0.5,0.324,0
-0.0056783,0.17234,-0.17205,0.009598,0,1,0.325,0.5,0.325,0
-0.0057695,0.17276,-0.17248,0.0097313,0,1,0.326,0.5,0.326,0
-0.0058606,0.17319,-0.1729,0.0098646,0,1,0.327,0.5,0.327,0
-0.0059518,0.17362,-0.17332,0.0099979,0,1,0.328,0.5,0.328,0
-0.0060481,0.17404,-0.17373,0.01014,0,1,0.329,0.5,0.329,0
-0.006145,0.17445,-0.17414,0.010284,0,1,0.33,0.5,0.33,0
-0.006242,0.17487,-0.17455,0.010427,0,1,0.331,0.5,0.331,0
-0.006339,0.17529,-0.17496,0.010571,0,1,0.332,0.5,0.332,0
-0.0064359,0.17571,-0.17537,0.010714,0,1,0.333,0.5,0.333,0
-0.0065329,0.17612,-0.17577,0.010858,0,1,0.334,0.5,0.334,0
-0.0066299,0.17654,-0.17618,0.011001,0,1,0.335,0.5,0.335,0
-0.0067272,0.17696,-0.17659,0.011145,0,1,0.336,0.5,0.336,0
-0.0068301,0.17737,-0.17699,0.011299,0,1,0.337,0.5,0.337,0
-0.0069331,0.17777,-0.17739,0.011453,0,1,0.338,0.5,0.338,0
-0.007036,0.17818,-0.17778,0.011607,0,1,0.339,0.5,0.339,0
-0.0071389,0.17858,-0.17818,0.011761,0,1,0.34,0.5,0.34,0
-0.0072419,0.17899,-0.17858,0.011915,0,1,0.341,0.5,0.341,0
-0.0073448,0.1794,-0.17897,0.012069,0,1,0.342,0.5,0.342,0
-0.0074477,0.1798,-0.17937,0.012223,0,1,0.343,0.5,0.343,0
-0.0075522,0.18021,-0.17977,0.01238,0,1,0.344,0.5,0.344,0
-0.0076613,0.1806,-0.18015,0.012544,0,1,0.345,0.5,0.345,0
-0.0077704,0.18099,-0.18053,0.012709,0,1,0.346,0.5,0.346,0
-0.0078794,0.18139,-0.18091,0.012874,0,1,0.347,0.5,0.347,0
-0.0079885,0.18178,-0.1813,0.013039,0,1,0.348,0.5,0.348,0
-0.0080976,0.18218,-0.18168,0.013203,0,1,0.349,0.5,0.349,0
-0.0082067,0.18257,-0.18206,0.013368,0,1,0.35,0.5,0.35,0
-0.0083157,0.18296,-0.18245,0.013533,0,1,0.351,0.5,0.351,0
-0.0084276,0.18335,-0.18282,0.013702,0,1,0.352,0.5,0.352,0
-0.0085429,0.18373,-0.18319,0.013878,0,1,0.353,0.5,0.353,0
-0.0086583,0.18411,-0.18356,0.014054,0,1,0.354,0.5,0.354,0
-0.0087737,0.18449,-0.18393,0.014229,0,1,0.355,0.5,0.355,0
-0.0088891,0.18487,-0.1843,0.014405,0,1,0.356,0.5,0.356,0
-0.0090045,0.18526,-0.18466,0.014581,0,1,0.357,0.5,0.357,0
-0.0091198,0.18564,-0.18503,0.014757,0,1,0.358,0.5,0.358,0
-0.0092352,0.18602,-0.1854,0.014932,0,1,0.359,0.5,0.359,0
-0.0093546,0.18639,-0.18576,0.015115,0,1,0.36,0.5,0.36,0
-0.0094764,0.18675,-0.18611,0.015302,0,1,0.361,0.5,0.361,0
-0.0095983,0.18712,-0.18646,0.015489,0,1,0.362,0.5,0.362,0
-0.0097201,0.18748,-0.18681,0.015676,0,1,0.363,0.5,0.363,0
-0.0098419,0.18785,-0.18716,0.015863,0,1,0.364,0.5,0.364,0
-0.0099638,0.18822,-0.18751,0.01605,0,1,0.365,0.5,0.365,0
-0.010086,0.18858,-0.18786,0.016236,0,1,0.366,0.5,0.366,0
-0.010207,0.18895,-0.18821,0.016423,0,1,0.367,0.5,0.367,0
-0.010335,0.1893,-0.18855,0.016619,0,1,0.368,0.5,0.368,0
-0.010463,0.18965,-0.18888,0.016818,0,1,0.369,0.5,0.369,0
-0.010591,0.19,-0.18922,0.017016,0,1,0.37,0.5,0.37,0
-0.01072,0.19035,-0.18955,0.017214,0,1,0.371,0.5,0.371,0
-0.010848,0.1907,-0.18988,0.017412,0,1,0.372,0.5,0.372,0
-0.010977,0.19105,-0.19021,0.017611,0,1,0.373,0.5,0.373,0
-0.011105,0.1914,-0.19055,0.017809,0,1,0.374,0.5,0.374,0
-0.011234,0.19175,-0.19088,0.018007,0,1,0.375,0.5,0.375,0
-0.011369,0.19208,-0.19119,0.018217,0,1,0.376,0.5,0.376,0
-0.011504,0.19241,-0.19151,0.018426,0,1,0.377,0.5,0.377,0
-0.011639,0.19274,-0.19182,0.018636,0,1,0.378,0.5,0.378,0
-0.011774,0.19307,-0.19213,0.018846,0,1,0.379,0.5,0.379,0
-0.011909,0.19341,-0.19244,0.019055,0,1,0.38,0.5,0.38,0
-0.012044,0.19374,-0.19276,0.019265,0,1,0.381,0.5,0.381,0
-0.012179,0.19407,-0.19307,0.019475,0,1,0.382,0.5,0.382,0
-0.012316,0.1944,-0.19338,0.019686,0,1,0.383,0.5,0.383,0
-0.012458,0.19471,-0.19367,0.019908,0,1,0.384,0.5,0.384,0
-0.0126,0.19503,-0.19396,0.020129,0,1,0.385,0.5,0.385,0
-0.012741,0.19534,-0.19425,0.02035,0,1,0.386,0.5,0.386,0
-0.012883,0.19565,-0.19455,0.020571,0,1,0.387,0.5,0.387,0
-0.013025,0.19597,-0.19484,0.020792,0,1,0.388,0.5,0.388,0
-0.013167,0.19628,-0.19513,0.021013,0,1,0.389,0.5,0.389,0
-0.013309,0.19659,-0.19542,0.021234,0,1,0.39,0.5,0.39,0
-0.013453,0.1969,-0.1957,0.02146,0,1,0.391,0.5,0.391,0
-0.013602,0.19719,-0.19597,0.021693,0,1,0.392,0.5,0.392,0
-0.013751,0.19748,-0.19624,0.021925,0,1,0.393,0.5,0.393,0
-0.0139,0.19778,-0.19651,0.022158,0,1,0.394,0.5,0.394,0
-0.014048,0.19807,-0.19678,0.022391,0,1,0.395,0.5,0.395,0
-0.014197,0.19836,-0.19705,0.022623,0,1,0.396,0.5,0.396,0
-0.014346,0.19866,-0.19731,0.022856,0,1,0.397,0.5,0.397,0
-0.014495,0.19895,-0.19758,0.023089,0,1,0.398,0.5,0.398,0
-0.014647,0.19923,-0.19784,0.023328,0,1,0.399,0.5,0.399,0
-0.014803,0.1995,-0.19808,0.023572,0,1,0.4,0.5,0.4,0
-0.014959,0.19977,-0.19832,0.023816,0,1,0.401,0.5,0.401,0
-0.015114,0.20005,-0.19857,0.02406,0,1,0.402,0.5,0.402,0
-0.01527,0.20032,-0.19881,0.024304,0,1,0.403,0.5,0.403,0
-0.015426,0.20059,-0.19906,0.024548,0,1,0.404,0.5,0.404,0
-0.015581,0.20086,-0.1993,0.024792,0,1,0.405,0.5,0.405,0
-0.015737,0.20113,-0.19954,0.025037,0,1,0.406,0.5,0.406,0
-0.015898,0.20139,-0.19977,0.025289,0,1,0.407,0.5,0.407,0
-0.01606,0.20163,-0.19999,0.025545,0,1,0.408,0.5,0.408,0
-0.016223,0.20188,-0.2002,0.0258,0,1,0.409,0.5,0.409,0
-0.016385,0.20213,-0.20042,0.026056,0,1,0.41,0.5,0.41,0
-0.016548,0.20238,-0.20064,0.026311,0,1,0.411,0.5,0.411,0
-0.016711,0.20263,-0.20085,0.026567,0,1,0.412,0.5,0.412,0
-0.016873,0.20288,-0.20107,0.026822,0,1,0.413,0.5,0.413,0
-0.017036,0.20313,-0.20129,0.027078,0,1,0.414,0.5,0.414,0
-0.017205,0.20335,-0.20148,0.027344,0,1,0.415,0.5,0.415,0
-0.017374,0.20358,-0.20167,0.02761,0,1,0.416,0.5,0.416,0
-0.017544,0.2038,-0.20186,0.027877,0,1,0.417,0.5,0.417,0
-0.017713,0.20403,-0.20205,0.028144,0,1,0.418,0.5,0.418,0
-0.017882,0.20425,-0.20224,0.02841,0,1,0.419,0.5,0.419,0
-0.018052,0.20448,-0.20243,0.028677,0,1,0.42,0.5,0.42,0
-0.018221,0.2047,-0.20262,0.028944,0,1,0.421,0.5,0.421,0
-0.018392,0.20492,-0.2028,0.029212,0,1,0.422,0.5,0.422,0
-0.018568,0.20512,-0.20296,0.02949,0,1,0.423,0.5,0.423,0
-0.018744,0.20532,-0.20312,0.029767,0,1,0.424,0.5,0.424,0
-0.018921,0.20552,-0.20328,0.030045,0,1,0.425,0.5,0.425,0
-0.019097,0.20572,-0.20344,0.030323,0,1,0.426,0.5,0.426,0
-0.019273,0.20592,-0.2036,0.0306,0,1,0.427,0.5,0.427,0
-0.019449,0.20612,-0.20376,0.030878,0,1,0.428,0.5,0.428,0
-0.019626,0.20631,-0.20392,0.031156,0,1,0.429,0.5,0.429,0
-0.019804,0.2065,-0.20407,0.031437,0,1,0.43,0.5,0.43,0
-0.019987,0.20668,-0.2042,0.031725,0,1,0.431,0.5,0.431,0
-0.02017,0.20685,-0.20433,0.032014,0,1,0.432,0.5,0.432,0
-0.020353,0.20702,-0.20446,0.032302,0,1,0.433,0.5,0.433,0
-0.020536,0.20719,-0.20458,0.03259,0,1,0.434,0.5,0.434,0
-0.020719,0.20737,-0.20471,0.032879,0,1,0.435,0.5,0.435,0
-0.020902,0.20754,-0.20484,0.033167,0,1,0.436,0.5,0.436,0
-0.021085,0.20771,-0.20497,0.033456,0,1,0.437,0.5,0.437,0
-0.021272,0.20787,-0.20508,0.033749,0,1,0.438,0.5,0.438,0
-0.021461,0.20801,-0.20518,0.034048,0,1,0.439,0.5,0.439,0
-0.021651,0.20816,-0.20527,0.034347,0,1,0.44,0.5,0.44,0
-0.021841,0.2083,-0.20537,0.034645,0,1,0.441,0.5,0.441,0
-0.02203,0.20844,-0.20546,0.034944,0,1,0.442,0.5,0.442,0
-0.02222,0.20859,-0.20556,0.035243,0,1,0.443,0.5,0.443,0
-0.02241,0.20873,-0.20565,0.035542,0,1,0.444,0.5,0.444,0
-0.022599,0.20888,-0.20575,0.03584,0,1,0.445,0.5,0.445,0
-0.022794,0.209,-0.20582,0.036146,0,1,0.446,0.5,0.446,0
-0.02299,0.20912,-0.20588,0.036455,0,1,0.447,0.5,0.447,0
-0.023186,0.20923,-0.20594,0.036763,0,1,0.448,0.5,0.448,0
-0.023382,0.20935,-0.206,0.037072,0,1,0.449,0.5,0.449,0
-0.023578,0.20946,-0.20607,0.037381,0,1,0.45,0.5,0.45,0
-0.023774,0.20958,-0.20613,0.037689,0,1,0.451,0.5,0.451,0
-0.02397,0.20969,-0.20619,0.037998,0,1,0.452,0.5,0.452,0
-0.024167,0.20981,-0.20625,0.038307,0,1,0.453,0.5,0.453,0
-0.024368,0.20989,-0.20628,0.038624,0,1,0.454,0.5,0.454,0
-0.024571,0.20998,-0.2063,0.038942,0,1,0.455,0.5,0.455,0
-0.024773,0.21006,-0.20633,0.03926,0,1,0.456,0.5,0.456,0
-0.024975,0.21015,-0.20635,0.039578,0,1,0.457,0.5,0.457,0
-0.025178,0.21023,-0.20638,0.039896,0,1,0.458,0.5,0.458,0
-0.02538,0.21032,-0.2064,0.040214,0,1,0.459,0.5,0.459,0
-0.025583,0.2104,-0.20643,0.040532,0,1,0.46,0.5,0.46,0
-0.025785,0.21049,-0.20645,0.040851,0,1,0.461,0.5,0.461,0
-0.025994,0.21054,-0.20644,0.041178,0,1,0.462,0.5,0.462,0
-0.026202,0.21059,-0.20643,0.041505,0,1,0.463,0.5,0.463,0
-0.026411,0.21065,-0.20641,0.041832,0,1,0.464,0.5,0.464,0
-0.026619,0.2107,-0.2064,0.042159,0,1,0.465,0.5,0.465,0
-0.026828,0.21075,-0.20639,0.042486,0,1,0.466,0.5,0.466,0
-0.027036,0.21081,-0.20638,0.042813,0,1,0.467,0.5,0.467,0
-0.027244,0.21086,-0.20636,0.04314,0,1,0.468,0.5,0.468,0
-0.027454,0.2109,-0.20634,0.04347,0,1,0.469,0.5,0.469,0
-0.027669,0.21093,-0.20629,0.043805,0,1,0.47,0.5,0.47,0
-0.027883,0.21095,-0.20624,0.04414,0,1,0.471,0.5,0.471,0
-0.028097,0.21097,-0.20619,0.044475,0,1,0.472,0.5,0.472,0
-0.028311,0.21099,-0.20614,0.044811,0,1,0.473,0.5,0.473,0
-0.028525,0.21101,-0.20608,0.045146,0,1,0.474,0.5,0.474,0
-0.028739,0.21103,-0.20603,0.045481,0,1,0.475,0.5,0.475,0
-0.028954,0.21105,-0.20598,0.045817,0,1,0.476,0.5,0.476,0
-0.02917,0.21106,-0.20591,0.046155,0,1,0.477,0.5,0.477,0
-0.02939,0.21105,-0.20582,0.046498,0,1,0.478,0.5,0.478,0
-0.029609,0.21103,-0.20573,0.046841,0,1,0.479,0.5,0.479,0
-0.029829,0.21102,-0.20564,0.047184,0,1,0.48,0.5,0.48,0
-0.030049,0.21101,-0.20555,0.047527,0,1,0.481,0.5,0.481,0
-0.030268,0.211,-0.20546,0.04787,0,1,0.482,0.5,0.482,0
-0.030488,0.21099,-0.20537,0.048212,0,1,0.483,0.5,0.483,0
-0.030707,0.21098,-0.20527,0.048555,0,1,0.484,0.5,0.484,0
-0.03093,0.21094,-0.20516,0.048902,0,1,0.485,0.5,0.485,0
-0.031155,0.2109,-0.20502,0.049252,0,1,0.486,0.5,0.486,0
-0.031379,0.21085,-0.20489,0.049602,0,1,0.487,0.5,0.487,0
-0.031604,0.21081,-0.20476,0.049952,0,1,0.488,0.5,0.488,0
-0.031829,0.21076,-0.20463,0.050301,0,1,0.489,0.5,0.489,0
-0.032053,0.21071,-0.20449,0.050651,0,1,0.49,0.5,0.49,0
-0.032278,0.21067,-0.20436,0.051001,0,1,0.491,0.5,0.491,0
-0.032503,0.21062,-0.20423,0.05135,0,1,0.492,0.5,0.492,0
-0.032731,0.21055,-0.20406,0.051705,0,1,0.493,0.5,0.493,0
-0.03296,0.21047,-0.20389,0.05206,0,1,0.494,0.5,0.494,0
-0.033189,0.21039,-0.20371,0.052416,0,1,0.495,0.5,0.495,0
-0.033419,0.21031,-0.20354,0.052772,0,1,0.496,0.5,0.496,0
-0.033648,0.21023,-0.20336,0.053127,0,1,0.497,0.5,0.497,0
-0.033877,0.21015,-0.20319,0.053483,0,1,0.498,0.5,0.498,0
-0.034107,0.21007,-0.20301,0.053839,0,1,0.499,0.5,0.499,0
-0.034336,0.20999,-0.20284,0.054194,0,1,0.5,0.5,0.5,0
-0.034569,0.20987,-0.20262,0.054555,0,1,0.501,0.5,0.501,0
-0.034803,0.20976,-0.2024,0.054916,0,1,0.502,0.5,0.502,0
-0.035036,0.20965,-0.20218,0.055276,0,1,0.503,0.5,0.503,0
-0.03527,0.20953,-0.20196,0.055637,0,1,0.504,0.5,0.504,0
-0.035503,0.20942,-0.20174,0.055998,0,1,0.505,0.5,0.505,0
-0.035736,0.2093,-0.20152,0.056359,0,1,0.506,0.5,0.506,0
-0.03597,0.20919,-0.20131,0.056719,0,1,0.507,0.5,0.507,0
-0.036204,0.20907,-0.20108,0.057081,0,1,0.508,0.5,0.508,0
-0.036441,0.20892,-0.20082,0.057446,0,1,0.509,0.5,0.509,0
-0.036678,0.20877,-0.20055,0.05781,0,1,0.51,0.5,0.51,0
-0.036915,0.20862,-0.20029,0.058175,0,1,0.511,0.5,0.511,0
-0.037153,0.20847,-0.20003,0.05854,0,1,0.512,0.5,0.512,0
-0.03739,0.20832,-0.19977,0.058905,0,1,0.513,0.5,0.513,0
-0.037627,0.20817,-0.1995,0.05927,0,1,0.514,0.5,0.514,0
-0.037864,0.20802,-0.19924,0.059634,0,1,0.515,0.5,0.515,0
-0.038102,0.20785,-0.19896,0.06,0,1,0.516,0.5,0.516,0
-0.038342,0.20767,-0.19865,0.060368,0,1,0.517,0.5,0.517,0
-0.038583,0.20748,-0.19835,0.060736,0,1,0.518,0.5,0.518,0
-0.038823,0.2073,-0.19804,0.061104,0,1,0.519,0.5,0.519,0
-0.039063,0.20711,-0.19773,0.061472,0,1,0.52,0.5,0.52,0
-0.039303,0.20693,-0.19742,0.06184,0,1,0.521,0.5,0.521,0
-0.039544,0.20675,-0.19711,0.062208,0,1,0.522,0.5,0.522,0
-0.039784,0.20656,-0.19681,0.062575,0,1,0.523,0.5,0.523,0
-0.040026,0.20636,-0.19647,0.062944,0,1,0.524,0.5,0.524,0
-0.040269,0.20614,-0.19612,0.063314,0,1,0.525,0.5,0.525,0
-0.040511,0.20592,-0.19577,0.063684,0,1,0.526,0.5,0.526,0
-0.040754,0.2057,-0.19541,0.064054,0,1,0.527,0.5,0.527,0
-0.040997,0.20548,-0.19506,0.064424,0,1,0.528,0.5,0.528,0
-0.04124,0.20526,-0.19471,0.064794,0,1,0.529,0.5,0.529,0
-0.041483,0.20504,-0.19435,0.065163,0,1,0.53,0.5,0.53,0
-0.041726,0.20482,-0.194,0.065533,0,1,0.531,0.5,0.531,0
-0.04197,0.20457,-0.19361,0.065904,0,1,0.532,0.5,0.532,0
-0.042215,0.20432,-0.19321,0.066274,0,1,0.533,0.5,0.533,0
-0.042459,0.20406,-0.19281,0.066645,0,1,0.534,0.5,0.534,0
-0.042704,0.20381,-0.19241,0.067016,0,1,0.535,0.5,0.535,0
-0.042949,0.20355,-0.19201,0.067386,0,1,0.536,0.5,0.536,0
-0.043194,0.2033,-0.19162,0.067757,0,1,0.537,0.5,0.537,0
-0.043439,0.20304,-0.19122,0.068128,0,1,0.538,0.5,0.538,0
-0.043683,0.20279,-0.19082,0.068498,0,1,0.539,0.5,0.539,0
-0.043929,0.2025,-0.19037,0.068869,0,1,0.54,0.5,0.54,0
-0.044175,0.20221,-0.18993,0.069239,0,1,0.541,0.5,0.541,0
-0.044422,0.20192,-0.18948,0.069609,0,1,0.542,0.5,0.542,0
-0.044668,0.20163,-0.18904,0.069979,0,1,0.543,0.5,0.543,0
-0.044914,0.20134,-0.18859,0.07035,0,1,0.544,0.5,0.544,0
-0.04516,0.20105,-0.18815,0.07072,0,1,0.545,0.5,0.545,0
-0.045406,0.20076,-0.1877,0.07109,0,1,0.546,0.5,0.546,0
-0.045652,0.20047,-0.18725,0.07146,0,1,0.547,0.5,0.547,0
-0.045899,0.20015,-0.18676,0.071829,0,1,0.548,0.5,0.548,0
-0.046146,0.19982,-0.18626,0.072197,0,1,0.549,0.5,0.549,0
-0.046392,0.1995,-0.18577,0.072566,0,1,0.55,0.5,0.55,0
-0.046639,0.19918,-0.18528,0.072935,0,1,0.551,0.5,0.551,0
-0.046886,0.19885,-0.18479,0.073303,0,1,0.552,0.5,0.552,0
-0.047133,0.19853,-0.18429,0.073672,0,1,0.553,0.5,0.553,0
-0.047379,0.19821,-0.1838,0.074041,0,1,0.554,0.5,0.554,0
-0.047626,0.19787,-0.18329,0.074408,0,1,0.555,0.5,0.555,0
-0.047873,0.19752,-0.18276,0.074774,0,1,0.556,0.5,0.556,0
-0.048119,0.19716,-0.18222,0.07514,0,1,0.557,0.5,0.557,0
-0.048366,0.19681,-0.18168,0.075505,0,1,0.558,0.5,0.558,0
-0.048613,0.19645,-0.18114,0.075871,0,1,0.559,0.5,0.559,0
-0.04886,0.19609,-0.1806,0.076237,0,1,0.56,0.5,0.56,0
-0.049106,0.19574,-0.18006,0.076602,0,1,0.561,0.5,0.561,0
-0.049353,0.19538,-0.17952,0.076968,0,1,0.562,0.5,0.562,0
-0.049599,0.19501,-0.17896,0.077332,0,1,0.563,0.5,0.563,0
-0.049845,0.19462,-0.17837,0.077693,0,1,0.564,0.5,0.564,0
-0.050091,0.19423,-0.17779,0.078055,0,1,0.565,0.5,0.565,0
-0.050337,0.19384,-0.1772,0.078416,0,1,0.566,0.5,0.566,0
-0.050583,0.19346,-0.17662,0.078777,0,1,0.567,0.5,0.567,0
-0.050829,0.19307,-0.17603,0.079139,0,1,0.568,0.5,0.568,0
-0.051075,0.19268,-0.17545,0.0795,0,1,0.569,0.5,0.569,0
-0.051321,0.19229,-0.17486,0.079862,0,1,0.57,0.5,0.57,0
-0.051565,0.19188,-0.17424,0.080219,0,1,0.571,0.5,0.571,0
-0.05181,0.19146,-0.17361,0.080575,0,1,0.572,0.5,0.572,0
-0.052054,0.19104,-0.17298,0.080931,0,1,0.573,0.5,0.573,0
-0.052299,0.19063,-0.17235,0.081287,0,1,0.574,0.5,0.574,0
-0.052543,0.19021,-0.17172,0.081642,0,1,0.575,0.5,0.575,0
-0.052788,0.18979,-0.17109,0.081998,0,1,0.576,0.5,0.576,0
-0.053032,0.18937,-0.17045,0.082354,0,1,0.577,0.5,0.577,0
-0.053276,0.18895,-0.16982,0.08271,0,1,0.578,0.5,0.578,0
-0.053519,0.18851,-0.16915,0.08306,0,1,0.579,0.5,0.579,0
-0.053761,0.18806,-0.16847,0.083408,0,1,0.58,0.5,0.58,0
-0.054003,0.18761,-0.1678,0.083757,0,1,0.581,0.5,0.581,0
-0.054245,0.18716,-0.16712,0.084106,0,1,0.582,0.5,0.582,0
-0.054487,0.18671,-0.16644,0.084455,0,1,0.583,0.5,0.583,0
-0.05473,0.18626,-0.16576,0.084803,0,1,0.584,0.5,0.584,0
-0.054972,0.18582,-0.16508,0.085152,0,1,0.585,0.5,0.585,0
-0.055214,0.18537,-0.1644,0.0855,0,1,0.586,0.5,0.586,0
-0.055453,0.18489,-0.16368,0.085841,0,1,0.587,0.5,0.587,0
-0.055692,0.18441,-0.16296,0.086181,0,1,0.588,0.5,0.588,0
-0.055931,0.18394,-0.16223,0.086521,0,1,0.589,0.5,0.589,0
-0.05617,0.18346,-0.16151,0.086862,0,1,0.59,0.5,0.59,0
-0.056409,0.18299,-0.16079,0.087202,0,1,0.591,0.5,0.591,0
-0.056648,0.18251,-0.16007,0.087542,0,1,0.592,0.5,0.592,0
-0.056888,0.18204,-0.15934,0.087883,0,1,0.593,0.5,0.593,0
-0.057126,0.18155,-0.15861,0.08822,0,1,0.594,0.5,0.594,0
-0.057361,0.18105,-0.15784,0.088551,0,1,0.595,0.5,0.595,0
-0.057596,0.18055,-0.15707,0.088881,0,1,0.596,0.5,0.596,0
-0.057832,0.18005,-0.1563,0.089212,0,1,0.597,0.5,0.597,0
-0.058067,0.17955,-0.15554,0.089542,0,1,0.598,0.5,0.598,0
-0.058303,0.17905,-0.15477,0.089873,0,1,0.599,0.5,0.599,0
-0.058538,0.17855,-0.154,0.090203,0,1,0.6,0.5,0.6,0
-0.058773,0.17805,-0.15323,0.090534,0,1,0.601,0.5,0.601,0
-0.059007,0.17753,-0.15245,0.090859,0,1,0.602,0.5,0.602,0
-0.059237,0.17701,-0.15163,0.091178,0,1,0.603,0.5,0.603,0
-0.059468,0.17649,-0.15082,0.091497,0,1,0.604,0.5,0.604,0
-0.059699,0.17596,-0.15001,0.091816,0,1,0.605,0.5,0.605,0
-0.05993,0.17544,-0.1492,0.092136,0,1,0.606,0.5,0.606,0
-0.060161,0.17491,-0.14839,0.092455,0,1,0.607,0.5,0.607,0
-0.060392,0.17439,-0.14757,0.092774,0,1,0.608,0.5,0.608,0
-0.060622,0.17386,-0.14676,0.093093,0,1,0.609,0.5,0.609,0
-0.06085,0.17333,-0.14592,0.093404,0,1,0.61,0.5,0.61,0
-0.061075,0.17278,-0.14507,0.09371,0,1,0.611,0.5,0.611,0
-0.061301,0.17224,-0.14421,0.094017,0,1,0.612,0.5,0.612,0
-0.061527,0.17169,-0.14336,0.094323,0,1,0.613,0.5,0.613,0
-0.061752,0.17115,-0.1425,0.09463,0,1,0.614,0.5,0.614,0
-0.061978,0.1706,-0.14164,0.094936,0,1,0.615,0.5,0.615,0
-0.062203,0.17006,-0.14079,0.095242,0,1,0.616,0.5,0.616,0
-0.062429,0.16951,-0.13993,0.095549,0,1,0.617,0.5,0.617,0
-0.062649,0.16895,-0.13904,0.095843,0,1,0.618,0.5,0.618,0
-0.062869,0.16839,-0.13815,0.096136,0,1,0.619,0.5,0.619,0
-0.063088,0.16783,-0.13725,0.096428,0,1,0.62,0.5,0.62,0
-0.063308,0.16726,-0.13635,0.09672,0,1,0.621,0.5,0.621,0
-0.063527,0.1667,-0.13545,0.097012,0,1,0.622,0.5,0.622,0
-0.063747,0.16614,-0.13455,0.097304,0,1,0.623,0.5,0.623,0
-0.063966,0.16558,-0.13366,0.097596,0,1,0.624,0.5,0.624,0
-0.064186,0.16501,-0.13276,0.097889,0,1,0.625,0.5,0.625,0
-0.064399,0.16444,-0.13182,0.098165,0,1,0.626,0.5,0.626,0
-0.064612,0.16386,-0.13088,0.098442,0,1,0.627,0.5,0.627,0
-0.064824,0.16328,-0.12994,0.098718,0,1,0.628,0.5,0.628,0
-0.065037,0.1627,-0.129,0.098995,0,1,0.629,0.5,0.629,0
-0.06525,0.16213,-0.12806,0.099271,0,1,0.63,0.5,0.63,0
-0.065463,0.16155,-0.12712,0.099548,0,1,0.631,0.5,0.631,0
-0.065676,0.16097,-0.12618,0.099824,0,1,0.632,0.5,0.632,0
-0.065887,0.16039,-0.12523,0.1001,0,1,0.633,0.5,0.633,0
-0.066092,0.15981,-0.12425,0.10036,0,1,0.634,0.5,0.634,0
-0.066298,0.15922,-0.12327,0.10062,0,1,0.635,0.5,0.635,0
-0.066503,0.15863,-0.12229,0.10088,0,1,0.636,0.5,0.636,0
-0.066708,0.15804,-0.12131,0.10114,0,1,0.637,0.5,0.637,0
-0.066914,0.15746,-0.12033,0.10139,0,1,0.638,0.5,0.638,0
-0.067119,0.15687,-0.11935,0.10165,0,1,0.639,0.5,0.639,0
-0.067324,0.15628,-0.11837,0.10191,0,1,0.64,0.5,0.64,0
-0.067527,0.15569,-0.11738,0.10217,0,1,0.641,0.5,0.641,0
-0.067724,0.1551,-0.11636,0.10241,0,1,0.642,0.5,0.642,0
-0.067921,0.1545,-0.11534,0.10265,0,1,0.643,0.5,0.643,0
-0.068118,0.15391,-0.11432,0.10289,0,1,0.644,0.5,0.644,0
-0.068316,0.15332,-0.1133,0.10313,0,1,0.645,0.5,0.645,0
-0.068513,0.15272,-0.11228,0.10337,0,1,0.646,0.5,0.646,0
-0.06871,0.15213,-0.11126,0.10361,0,1,0.647,0.5,0.647,0
-0.068907,0.15153,-0.11024,0.10385,0,1,0.648,0.5,0.648,0
-0.0691,0.15094,-0.1092,0.10408,0,1,0.649,0.5,0.649,0
-0.069288,0.15034,-0.10814,0.1043,0,1,0.65,0.5,0.65,0
-0.069477,0.14975,-0.10708,0.10453,0,1,0.651,0.5,0.651,0
-0.069665,0.14915,-0.10602,0.10475,0,1,0.652,0.5,0.652,0
-0.069854,0.14856,-0.10496,0.10497,0,1,0.653,0.5,0.653,0
-0.070042,0.14796,-0.1039,0.10519,0,1,0.654,0.5,0.654,0
-0.070231,0.14737,-0.10284,0.10541,0,1,0.655,0.5,0.655,0
-0.070419,0.14677,-0.10179,0.10563,0,1,0.656,0.5,0.656,0
-0.070601,0.14618,-0.1007,0.10584,0,1,0.657,0.5,0.657,0
-0.07078,0.14559,-0.099602,0.10604,0,1,0.658,0.5,0.658,0
-0.070959,0.145,-0.098505,0.10624,0,1,0.659,0.5,0.659,0
-0.071138,0.14441,-0.097408,0.10644,0,1,0.66,0.5,0.66,0
-0.071318,0.14381,-0.096312,0.10664,0,1,0.661,0.5,0.661,0
-0.071497,0.14322,-0.095215,0.10684,0,1,0.662,0.5,0.662,0
-0.071676,0.14263,-0.094118,0.10704,0,1,0.663,0.5,0.663,0
-0.071855,0.14204,-0.093021,0.10724,0,1,0.664,0.5,0.664,0
-0.072025,0.14146,-0.09189,0.10741,0,1,0.665,0.5,0.665,0
-0.072194,0.14088,-0.090756,0.10759,0,1,0.666,0.5,0.666,0
-0.072363,0.1403,-0.089622,0.10777,0,1,0.667,0.5,0.667,0
-0.072533,0.13971,-0.088488,0.10795,0,1,0.668,0.5,0.668,0
-0.072702,0.13913,-0.087354,0.10812,0,1,0.669,0.5,0.669,0
-0.072871,0.13855,-0.08622,0.1083,0,1,0.67,0.5,0.67,0
-0.073041,0.13797,-0.085086,0.10848,0,1,0.671,0.5,0.671,0
-0.073209,0.13739,-0.083947,0.10865,0,1,0.672,0.5,0.672,0
-0.073367,0.13683,-0.082777,0.10881,0,1,0.673,0.5,0.673,0
-0.073526,0.13626,-0.081606,0.10896,0,1,0.674,0.5,0.674,0
-0.073685,0.1357,-0.080435,0.10911,0,1,0.675,0.5,0.675,0
-0.073844,0.13514,-0.079265,0.10927,0,1,0.676,0.5,0.676,0
-0.074003,0.13457,-0.078094,0.10942,0,1,0.677,0.5,0.677,0
-0.074162,0.13401,-0.076923,0.10958,0,1,0.678,0.5,0.678,0
-0.074321,0.13344,-0.075753,0.10973,0,1,0.679,0.5,0.679,0
-0.074476,0.13289,-0.074571,0.10988,0,1,0.68,0.5,0.68,0
-0.074624,0.13235,-0.073364,0.11,0,1,0.681,0.5,0.681,0
-0.074772,0.13181,-0.072157,0.11013,0,1,0.682,0.5,0.682,0
-0.07492,0.13127,-0.07095,0.11026,0,1,0.683,0.5,0.683,0
-0.075068,0.13073,-0.069743,0.11039,0,1,0.684,0.5,0.684,0
-0.075216,0.13019,-0.068537,0.11052,0,1,0.685,0.5,0.685,0
-0.075364,0.12966,-0.06733,0.11065,0,1,0.686,0.5,0.686,0
-0.075512,0.12912,-0.066123,0.11078,0,1,0.687,0.5,0.687,0
-0.075654,0.1286,-0.064898,0.11089,0,1,0.688,0.5,0.688,0
-0.075791,0.12809,-0.063656,0.11099,0,1,0.689,0.5,0.689,0
-0.075928,0.12759,-0.062413,0.1111,0,1,0.69,0.5,0.69,0
-0.076064,0.12708,-0.06117,0.1112,0,1,0.691,0.5,0.691,0
-0.076201,0.12658,-0.059927,0.1113,0,1,0.692,0.5,0.692,0
-0.076338,0.12608,-0.058685,0.1114,0,1,0.693,0.5,0.693,0
-0.076474,0.12557,-0.057442,0.11151,0,1,0.694,0.5,0.694,0
-0.076611,0.12507,-0.056199,0.11161,0,1,0.695,0.5,0.695,0
-0.07674,0.12459,-0.054932,0.11169,0,1,0.696,0.5,0.696,0
-0.076865,0.12414,-0.053653,0.11177,0,1,0.697,0.5,0.697,0
-0.07699,0.12368,-0.052374,0.11184,0,1,0.698,0.5,0.698,0
-0.077115,0.12322,-0.051096,0.11192,0,1,0.699,0.5,0.699,0
-0.07724,0.12276,-0.049817,0.11199,0,1,0.7,0.5,0.7,0
-0.077365,0.1223,-0.048538,0.11207,0,1,0.701,0.5,0.701,0
-0.07749,0.12184,-0.047259,0.11214,0,1,0.702,0.5,0.702,0
-0.077615,0.12138,-0.045981,0.11222,0,1,0.703,0.5,0.703,0
-0.077729,0.12097,-0.04467,0.11227,0,1,0.704,0.5,0.704,0
-0.077842,0.12057,-0.043355,0.11231,0,1,0.705,0.5,0.705,0
-0.077955,0.12017,-0.04204,0.11236,0,1,0.706,0.5,0.706,0
-0.078068,0.11976,-0.040725,0.11241,0,1,0.707,0.5,0.707,0
-0.078181,0.11936,-0.03941,0.11245,0,1,0.708,0.5,0.708,0
-0.078294,0.11896,-0.038095,0.1125,0,1,0.709,0.5,0.709,0
-0.078407,0.11856,-0.036781,0.11255,0,1,0.71,0.5,0.71,0
-0.078519,0.11816,-0.035463,0.11259,0,1,0.711,0.5,0.711,0
-0.07862,0.11783,-0.034111,0.11261,0,1,0.712,0.5,0.712,0
-0.078721,0.11749,-0.032759,0.11263,0,1,0.713,0.5,0.713,0
-0.078822,0.11716,-0.031407,0.11264,0,1,0.714,0.5,0.714,0
-0.078922,0.11683,-0.030055,0.11266,0,1,0.715,0.5,0.715,0
-0.079023,0.1165,-0.028703,0.11268,0,1,0.716,0.5,0.716,0
-0.079124,0.11616,-0.027352,0.1127,0,1,0.717,0.5,0.717,0
-0.079225,0.11583,-0.026,0.11271,0,1,0.718,0.5,0.718,0
-0.079322,0.11552,-0.024638,0.11272,0,1,0.719,0.5,0.719,0
-0.079411,0.11527,-0.023248,0.11271,0,1,0.72,0.5,0.72,0
-0.079499,0.11502,-0.021858,0.1127,0,1,0.721,0.5,0.721,0
-0.079587,0.11477,-0.020468,0.11268,0,1,0.722,0.5,0.722,0
-0.079675,0.11452,-0.019078,0.11267,0,1,0.723,0.5,0.723,0
-0.079764,0.11427,-0.017688,0.11266,0,1,0.724,0.5,0.724,0
-0.079852,0.11402,-0.016298,0.11264,0,1,0.725,0.5,0.725,0
-0.07994,0.11378,-0.014908,0.11263,0,1,0.726,0.5,0.726,0
-0.080023,0.11357,-0.0135,0.1126,0,1,0.727,0.5,0.727,0
-0.080099,0.11342,-0.012071,0.11256,0,1,0.728,0.5,0.728,0
-0.080174,0.11327,-0.010641,0.11251,0,1,0.729,0.5,0.729,0
-0.08025,0.11312,-0.0092111,0.11247,0,1,0.73,0.5,0.73,0
-0.080326,0.11296,-0.0077814,0.11242,0,1,0.731,0.5,0.731,0
-0.080401,0.11281,-0.0063517,0.11238,0,1,0.732,0.5,0.732,0
-0.080477,0.11266,-0.004922,0.11233,0,1,0.733,0.5,0.733,0
-0.080553,0.11251,-0.0034922,0.11229,0,1,0.734,0.5,0.734,0
-0.08062,0.11243,-0.0020363,0.11222,0,1,0.735,0.5,0.735,0
-0.080684,0.11239,-0.00056469,0.11215,0,1,0.736,0.5,0.736,0
-0.080747,0.11235,0.00090688,0.11207,0,1,0.737,0.5,0.737,0
-0.08081,0.11231,0.0023785,0.11199,0,1,0.738,0.5,0.738,0
-0.080874,0.11228,0.0038501,0.11192,0,1,0.739,0.5,0.739,0
-0.080937,0.11224,0.0053217,0.11184,0,1,0.74,0.5,0.74,0
-0.081,0.1122,0.0067933,0.11176,0,1,0.741,0.5,0.741,0
-0.081063,0.11216,0.0082649,0.11169,0,1,0.742,0.5,0.742,0
-0.081117,0.11222,0.0097728,0.11158,0,1,0.743,0.5,0.743,0
-0.081168,0.11231,0.011289,0.11147,0,1,0.744,0.5,0.744,0
-0.081219,0.1124,0.012805,0.11136,0,1,0.745,0.5,0.745,0
-0.08127,0.11249,0.014322,0.11125,0,1,0.746,0.5,0.746,0
-0.081321,0.11258,0.015838,0.11114,0,1,0.747,0.5,0.747,0
-0.081372,0.11266,0.017354,0.11103,0,1,0.748,0.5,0.748,0
-0.081424,0.11275,0.018871,0.11093,0,1,0.749,0.5,0.749,0
-0.081475,0.11284,0.020387,0.11082,0,1,0.75,0.5,0.75,0
-0.081514,0.11307,0.021952,0.11067,0,1,0.751,0.5,0.751,0
-0.081552,0.11329,0.023516,0.11053,0,1,0.752,0.5,0.752,0
-0.081591,0.11352,0.025081,0.11039,0,1,0.753,0.5,0.753,0
-0.08163,0.11375,0.026646,0.11024,0,1,0.754,0.5,0.754,0
-0.081669,0.11397,0.02821,0.1101,0,1,0.755,0.5,0.755,0
-0.081708,0.1142,0.029775,0.10996,0,1,0.756,0.5,0.756,0
-0.081747,0.11443,0.031339,0.10981,0,1,0.757,0.5,0.757,0
-0.081783,0.11468,0.032914,0.10966,0,1,0.758,0.5,0.758,0
-0.08181,0.11506,0.034531,0.10948,0,1,0.759,0.5,0.759,0
-0.081836,0.11544,0.036149,0.10931,0,1,0.76,0.5,0.76,0
-0.081863,0.11581,0.037766,0.10913,0,1,0.761,0.5,0.761,0
-0.081889,0.11619,0.039384,0.10895,0,1,0.762,0.5,0.762,0
-0.081916,0.11657,0.041001,0.10877,0,1,0.763,0.5,0.763,0
-0.081943,0.11694,0.042618,0.1086,0,1,0.764,0.5,0.764,0
-0.081969,0.11732,0.044236,0.10842,0,1,0.765,0.5,0.765,0
-0.081991,0.11776,0.045875,0.10823,0,1,0.766,0.5,0.766,0
-0.082006,0.11829,0.04755,0.10802,0,1,0.767,0.5,0.767,0
-0.08202,0.11883,0.049226,0.1078,0,1,0.768,0.5,0.768,0
-0.082035,0.11936,0.050901,0.10759,0,1,0.769,0.5,0.769,0
-0.082049,0.1199,0.052576,0.10738,0,1,0.77,0.5,0.77,0
-0.082064,0.12043,0.054252,0.10717,0,1,0.771,0.5,0.771,0
-0.082078,0.12097,0.055927,0.10695,0,1,0.772,0.5,0.772,0
-0.082092,0.1215,0.057602,0.10674,0,1,0.773,0.5,0.773,0
-0.0821,0.12213,0.059314,0.10651,0,1,0.774,0.5,0.774,0
-0.082103,0.12283,0.061053,0.10626,0,1,0.775,0.5,0.775,0
-0.082105,0.12353,0.062793,0.10601,0,1,0.776,0.5,0.776,0
-0.082107,0.12423,0.064532,0.10576,0,1,0.777,0.5,0.777,0
-0.08211,0.12494,0.066272,0.10552,0,1,0.778,0.5,0.778,0
-0.082112,0.12564,0.068011,0.10527,0,1,0.779,0.5,0.779,0
-0.082115,0.12634,0.069751,0.10502,0,1,0.78,0.5,0.78,0
-0.082117,0.12704,0.07149,0.10477,0,1,0.781,0.5,0.781,0
-0.082111,0.12787,0.073283,0.1045,0,1,0.782,0.5,0.782,0
-0.082101,0.12874,0.075094,0.10422,0,1,0.783,0.5,0.783,0
-0.082092,0.12961,0.076905,0.10393,0,1,0.784,0.5,0.784,0
-0.082083,0.13048,0.078716,0.10365,0,1,0.785,0.5,0.785,0
-0.082073,0.13135,0.080527,0.10337,0,1,0.786,0.5,0.786,0
-0.082064,0.13222,0.082337,0.10308,0,1,0.787,0.5,0.787,0
-0.082054,0.13309,0.084148,0.1028,0,1,0.788,0.5,0.788,0
-0.082045,0.13396,0.085959,0.10252,0,1,0.789,0.5,0.789,0
-0.082025,0.135,0.087844,0.1022,0,1,0.79,0.5,0.79,0
-0.082004,0.13604,0.089735,0.10188,0,1,0.791,0.5,0.791,0
-0.081983,0.13709,0.091625,0.10156,0,1,0.792,0.5,0.792,0
-0.081962,0.13813,0.093515,0.10124,0,1,0.793,0.5,0.793,0
-0.081941,0.13918,0.095406,0.10092,0,1,0.794,0.5,0.794,0
-0.08192,0.14022,0.097296,0.1006,0,1,0.795,0.5,0.795,0
-0.081899,0.14127,0.099186,0.10028,0,1,0.796,0.5,0.796,0
-0.081876,0.14233,0.10109,0.099959,0,1,0.797,0.5,0.797,0
-0.081844,0.14356,0.10307,0.099604,0,1,0.798,0.5,0.798,0
-0.081812,0.14478,0.10505,0.099249,0,1,0.799,0.5,0.799,0
-0.081779,0.14601,0.10702,0.098894,0,1,0.8,0.5,0.8,0
-0.081747,0.14723,0.109,0.098539,0,1,0.801,0.5,0.801,0
-0.081714,0.14845,0.11098,0.098183,0,1,0.802,0.5,0.802,0
-0.081682,0.14968,0.11296,0.097828,0,1,0.803,0.5,0.803,0
-0.08165,0.1509,0.11494,0.097473,0,1,0.804,0.5,0.804,0
-0.081614,0.15218,0.11695,0.097107,0,1,0.805,0.5,0.805,0
-0.08157,0.15359,0.11903,0.096716,0,1,0.806,0.5,0.806,0
-0.081527,0.15499,0.12111,0.096325,0,1,0.807,0.5,0.807,0
-0.081484,0.1564,0.12319,0.095934,0,1,0.808,0.5,0.808,0
-0.08144,0.15781,0.12527,0.095543,0,1,0.809,0.5,0.809,0
-0.081397,0.15921,0.12734,0.095152,0,1,0.81,0.5,0.81,0
-0.081353,0.16062,0.12942,0.094761,0,1,0.811,0.5,0.811,0
-0.08131,0.16203,0.1315,0.09437,0,1,0.812,0.5,0.812,0
-0.081261,0.16353,0.13363,0.093962,0,1,0.813,0.5,0.813,0
-0.081207,0.16512,0.13582,0.093535,0,1,0.814,0.5,0.814,0
-0.081152,0.16672,0.13801,0.093109,0,1,0.815,0.5,0.815,0
-0.081098,0.16831,0.1402,0.092683,0,1,0.816,0.5,0.816,0
-0.081044,0.1699,0.14239,0.092257,0,1,0.817,0.5,0.817,0
-0.08099,0.1715,0.14458,0.09183,0,1,0.818,0.5,0.818,0
-0.080936,0.17309,0.14677,0.091404,0,1,0.819,0.5,0.819,0
-0.080881,0.17469,0.14896,0.090978,0,1,0.82,0.5,0.82,0
-0.08082,0.17642,0.15123,0.090527,0,1,0.821,0.5,0.821,0
-0.080755,0.17821,0.15355,0.090066,0,1,0.822,0.5,0.822,0
-0.080691,0.18,0.15586,0.089605,0,1,0.823,0.5,0.823,0
-0.080626,0.18178,0.15817,0.089144,0,1,0.824,0.5,0.824,0
-0.080561,0.18357,0.16049,0.088683,0,1,0.825,0.5,0.825,0
-0.080497,0.18536,0.1628,0.088222,0,1,0.826,0.5,0.826,0
-0.080432,0.18715,0.16511,0.087761,0,1,0.827,0.5,0.827,0
-0.080367,0.18894,0.16743,0.0873,0,1,0.828,0.5,0.828,0
-0.080294,0.19091,0.16986,0.08681,0,1,0.829,0.5,0.829,0
-0.080219,0.1929,0.17231,0.086315,0,1,0.83,0.5,0.83,0
-0.080145,0.19489,0.17476,0.08582,0,1,0.831,0.5,0.831,0
-0.08007,0.19688,0.17722,0.085325,0,1,0.832,0.5,0.832,0
-0.079995,0.19887,0.17967,0.084831,0,1,0.833,0.5,0.833,0
-0.079921,0.20087,0.18212,0.084336,0,1,0.834,0.5,0.834,0
-0.079846,0.20286,0.18457,0.083841,0,1,0.835,0.5,0.835,0
-0.079771,0.20486,0.18703,0.083344,0,1,0.836,0.5,0.836,0
-0.079686,0.20707,0.18964,0.082817,0,1,0.837,0.5,0.837,0
-0.079602,0.20927,0.19224,0.08229,0,1,0.838,0.5,0.838,0
-0.079518,0.21148,0.19484,0.081763,0,1,0.839,0.5,0.839,0
-0.079433,0.21368,0.19745,0.081235,0,1,0.84,0.5,0.84,0
-0.079349,0.21588,0.20005,0.080708,0,1,0.841,0.5,0.841,0
-0.079265,0.21809,0.20266,0.080181,0,1,0.842,0.5,0.842,0
-0.079181,0.22029,0.20526,0.079654,0,1,0.843,0.5,0.843,0
-0.079094,0.22255,0.20791,0.079119,0,1,0.844,0.5,0.844,0
-0.079001,0.22498,0.21068,0.078561,0,1,0.845,0.5,0.845,0
-0.078907,0.22741,0.21346,0.078003,0,1,0.846,0.5,0.846,0
-0.078814,0.22983,0.21623,0.077446,0,1,0.847,0.5,0.847,0
-0.07872,0.23226,0.219,0.076888,0,1,0.848,0.5,0.848,0
-0.078627,0.23469,0.22178,0.07633,0,1,0.849,0.5,0.849,0
-0.078533,0.23711,0.22455,0.075772,0,1,0.85,0.5,0.85,0
-0.07844,0.23954,0.22732,0.075214,0,1,0.851,0.5,0.851,0
-0.078343,0.24207,0.23018,0.074644,0,1,0.852,0.5,0.852,0
-0.078241,0.24473,0.23314,0.074058,0,1,0.853,0.5,0.853,0
-0.078138,0.2474,0.2361,0.073472,0,1,0.854,0.5,0.854,0
-0.078036,0.25006,0.23906,0.072886,0,1,0.855,0.5,0.855,0
-0.077934,0.25272,0.24202,0.0723,0,1,0.856,0.5,0.856,0
-0.077832,0.25538,0.24498,0.071713,0,1,0.857,0.5,0.857,0
-0.07773,0.25804,0.24794,0.071127,0,1,0.858,0.5,0.858,0
-0.077628,0.26071,0.2509,0.070541,0,1,0.859,0.5,0.859,0
-0.077521,0.26352,0.25399,0.069939,0,1,0.86,0.5,0.86,0
-0.077411,0.26643,0.25715,0.069328,0,1,0.861,0.5,0.861,0
-0.0773,0.26934,0.26032,0.068716,0,1,0.862,0.5,0.862,0
-0.07719,0.27226,0.26348,0.068104,0,1,0.863,0.5,0.863,0
-0.07708,0.27517,0.26664,0.067493,0,1,0.864,0.5,0.864,0
-0.07697,0.27808,0.26981,0.066881,0,1,0.865,0.5,0.865,0
-0.076859,0.28099,0.27297,0.06627,0,1,0.866,0.5,0.866,0
-0.076749,0.2839,0.27614,0.065658,0,1,0.867,0.5,0.867,0
-0.076633,0.28702,0.27948,0.065029,0,1,0.868,0.5,0.868,0
-0.076515,0.29019,0.28287,0.064395,0,1,0.869,0.5,0.869,0
-0.076397,0.29336,0.28625,0.063761,0,1,0.87,0.5,0.87,0
-0.07628,0.29654,0.28964,0.063128,0,1,0.871,0.5,0.871,0
-0.076162,0.29971,0.29302,0.062494,0,1,0.872,0.5,0.872,0
-0.076044,0.30288,0.29641,0.061861,0,1,0.873,0.5,0.873,0
-0.075926,0.30605,0.29979,0.061227,0,1,0.874,0.5,0.874,0
-0.075809,0.30923,0.30318,0.060594,0,1,0.875,0.5,0.875,0
-0.075684,0.31267,0.30681,0.059942,0,1,0.876,0.5,0.876,0
-0.07556,0.31612,0.31043,0.059291,0,1,0.877,0.5,0.877,0
-0.075435,0.31957,0.31406,0.058639,0,1,0.878,0.5,0.878,0
-0.07531,0.32301,0.31768,0.057988,0,1,0.879,0.5,0.879,0
-0.075186,0.32646,0.32131,0.057337,0,1,0.88,0.5,0.88,0
-0.075061,0.32991,0.32493,0.056685,0,1,0.881,0.5,0.881,0
-0.074936,0.33336,0.32856,0.056034,0,1,0.882,0.5,0.882,0
-0.074811,0.33686,0.33223,0.05538,0,1,0.883,0.5,0.883,0
-0.07468,0.34059,0.33611,0.054716,0,1,0.884,0.5,0.884,0
-0.074549,0.34433,0.33999,0.054051,0,1,0.885,0.5,0.885,0
-0.074418,0.34806,0.34387,0.053387,0,1,0.886,0.5,0.886,0
-0.074288,0.3518,0.34775,0.052723,0,1,0.887,0.5,0.887,0
-0.074157,0.35553,0.35164,0.052059,0,1,0.888,0.5,0.888,0
-0.074026,0.35927,0.35552,0.051394,0,1,0.889,0.5,0.889,0
-0.073895,0.36301,0.3594,0.05073,0,1,0.89,0.5,0.89,0
-0.073762,0.36685,0.36338,0.050063,0,1,0.891,0.5,0.891,0
-0.073626,0.37089,0.36753,0.049392,0,1,0.892,0.5,0.892,0
-0.07349,0.37492,0.37169,0.04872,0,1,0.893,0.5,0.893,0
-0.073354,0.37896,0.37584,0.048049,0,1,0.894,0.5,0.894,0
-0.073218,0.38299,0.37999,0.047377,0,1,0.895,0.5,0.895,0
-0.073081,0.38703,0.38415,0.046706,0,1,0.896,0.5,0.896,0
-0.072945,0.39107,0.3883,0.046034,0,1,0.897,0.5,0.897,0
-0.072809,0.3951,0.39245,0.045363,0,1,0.898,0.5,0.898,0
-0.07267,0.39931,0.39677,0.044691,0,1,0.899,0.5,0.899,0
-0.07253,0.40365,0.4012,0.044019,0,1,0.9,0.5,0.9,0
-0.072389,0.408,0.40564,0.043346,0,1,0.901,0.5,0.901,0
-0.072248,0.41234,0.41008,0.042674,0,1,0.902,0.5,0.902,0
-0.072107,0.41669,0.41452,0.042002,0,1,0.903,0.5,0.903,0
-0.071967,0.42103,0.41896,0.04133,0,1,0.904,0.5,0.904,0
-0.071826,0.42538,0.4234,0.040658,0,1,0.905,0.5,0.905,0
-0.071685,0.42972,0.42783,0.039985,0,1,0.906,0.5,0.906,0
-0.071542,0.43431,0.43249,0.039318,0,1,0.907,0.5,0.907,0
-0.071397,0.43897,0.43723,0.038652,0,1,0.908,0.5,0.908,0
-0.071253,0.44363,0.44196,0.037987,0,1,0.909,0.5,0.909,0
-0.071109,0.44829,0.44669,0.037321,0,1,0.91,0.5,0.91,0
-0.070964,0.45295,0.45143,0.036656,0,1,0.911,0.5,0.911,0
-0.07082,0.45761,0.45616,0.03599,0,1,0.912,0.5,0.912,0
-0.070676,0.46227,0.46089,0.035324,0,1,0.913,0.5,0.913,0
-0.070531,0.46693,0.46563,0.034659,0,1,0.914,0.5,0.914,0
-0.070385,0.4719,0.47064,0.034007,0,1,0.915,0.5,0.915,0
-0.070238,0.47688,0.47568,0.033356,0,1,0.916,0.5,0.916,0
-0.070091,0.48186,0.48071,0.032705,0,1,0.917,0.5,0.917,0
-0.069944,0.48684,0.48575,0.032054,0,1,0.918,0.5,0.918,0
-0.069797,0.49182,0.49078,0.031403,0,1,0.919,0.5,0.919,0
-0.06965,0.4968,0.49582,0.030752,0,1,0.92,0.5,0.92,0
-0.069503,0.50178,0.50085,0.030101,0,1,0.921,0.5,0.921,0
-0.069356,0.5068,0.50593,0.029453,0,1,0.922,0.5,0.922,0
-0.069207,0.5121,0.51126,0.028826,0,1,0.923,0.5,0.923,0
-0.069059,0.51739,0.5166,0.028198,0,1,0.924,0.5,0.924,0
-0.06891,0.52269,0.52194,0.02757,0,1,0.925,0.5,0.925,0
-0.068762,0.52799,0.52728,0.026943,0,1,0.926,0.5,0.926,0
-0.068613,0.53329,0.53261,0.026315,0,1,0.927,0.5,0.927,0
-0.068465,0.53858,0.53795,0.025687,0,1,0.928,0.5,0.928,0
-0.068316,0.54388,0.54329,0.02506,0,1,0.929,0.5,0.929,0
-0.068168,0.54928,0.54872,0.024442,0,1,0.93,0.5,0.93,0
-0.068019,0.55488,0.55436,0.023847,0,1,0.931,0.5,0.931,0
-0.06787,0.56049,0.55999,0.023252,0,1,0.932,0.5,0.932,0
-0.067721,0.5661,0.56563,0.022657,0,1,0.933,0.5,0.933,0
-0.067572,0.5717,0.57126,0.022062,0,1,0.934,0.5,0.934,0
-0.067424,0.57731,0.5769,0.021467,0,1,0.935,0.5,0.935,0
-0.067275,0.58292,0.58253,0.020872,0,1,0.936,0.5,0.936,0
-0.067126,0.58852,0.58817,0.020277,0,1,0.937,0.5,0.937,0
-0.066978,0.59428,0.59394,0.019703,0,1,0.938,0.5,0.938,0
-0.06683,0.60018,0.59986,0.01915,0,1,0.939,0.5,0.939,0
-0.066682,0.60608,0.60578,0.018598,0,1,0.94,0.5,0.94,0
-0.066534,0.61198,0.6117,0.018045,0,1,0.941,0.5,0.941,0
-0.066386,0.61788,0.61762,0.017492,0,1,0.942,0.5,0.942,0
-0.066238,0.62378,0.62354,0.016939,0,1,0.943,0.5,0.943,0
-0.06609,0.62968,0.62946,0.016386,0,1,0.944,0.5,0.944,0
-0.065942,0.63558,0.63538,0.015833,0,1,0.945,0.5,0.945,0
-0.065795,0.64167,0.64148,0.015316,0,1,0.946,0.5,0.946,0
-0.065649,0.64784,0.64767,0.014815,0,1,0.947,0.5,0.947,0
-0.065504,0.65401,0.65385,0.014314,0,1,0.948,0.5,0.948,0
-0.065358,0.66019,0.66003,0.013813,0,1,0.949,0.5,0.949,0
-0.065212,0.66636,0.66622,0.013312,0,1,0.95,0.5,0.95,0
-0.065066,0.67253,0.6724,0.012811,0,1,0.951,0.5,0.951,0
-0.06492,0.6787,0.67858,0.012309,0,1,0.952,0.5,0.952,0
-0.064775,0.68487,0.68477,0.011808,0,1,0.953,0.5,0.953,0
-0.064632,0.69125,0.69115,0.011361,0,1,0.954,0.5,0.954,0
-0.064489,0.69766,0.69757,0.010921,0,1,0.955,0.5,0.955,0
-0.064347,0.70407,0.70399,0.010481,0,1,0.956,0.5,0.956,0
-0.064205,0.71048,0.7104,0.010041,0,1,0.957,0.5,0.957,0
-0.064062,0.71689,0.71682,0.0096006,0,1,0.958,0.5,0.958,0
-0.06392,0.7233,0.72324,0.0091606,0,1,0.959,0.5,0.959,0
-0.063778,0.72971,0.72965,0.0087206,0,1,0.96,0.5,0.96,0
-0.063635,0.73613,0.73608,0.0082849,0,1,0.961,0.5,0.961,0
-0.063498,0.74274,0.74269,0.0079145,0,1,0.962,0.5,0.962,0
-0.06336,0.74934,0.7493,0.0075441,0,1,0.963,0.5,0.963,0
-0.063223,0.75595,0.75591,0.0071737,0,1,0.964,0.5,0.964,0
-0.063085,0.76256,0.76252,0.0068033,0,1,0.965,0.5,0.965,0
-0.062947,0.76916,0.76913,0.0064328,0,1,0.966,0.5,0.966,0
-0.06281,0.77577,0.77574,0.0060624,0,1,0.967,0.5,0.967,0
-0.062672,0.78237,0.78235,0.005692,0,1,0.968,0.5,0.968,0
-0.062536,0.78902,0.789,0.0053408,0,1,0.969,0.5,0.969,0
-0.062404,0.79577,0.79575,0.0050473,0,1,0.97,0.5,0.97,0
-0.062272,0.80252,0.8025,0.0047537,0,1,0.971,0.5,0.971,0
-0.062141,0.80927,0.80926,0.0044602,0,1,0.972,0.5,0.972,0
-0.062009,0.81602,0.81601,0.0041666,0,1,0.973,0.5,0.973,0
-0.061877,0.82277,0.82276,0.0038731,0,1,0.974,0.5,0.974,0
-0.061746,0.82952,0.82951,0.0035796,0,1,0.975,0.5,0.975,0
-0.061614,0.83627,0.83627,0.003286,0,1,0.976,0.5,0.976,0
-0.061485,0.84306,0.84305,0.0030285,0,1,0.977,0.5,0.977,0
-0.061361,0.84989,0.84989,0.0028172,0,1,0.978,0.5,0.978,0
-0.061236,0.85673,0.85672,0.0026059,0,1,0.979,0.5,0.979,0
-0.061111,0.86356,0.86356,0.0023946,0,1,0.98,0.5,0.98,0
-0.060987,0.8704,0.8704,0.0021833,0,1,0.981,0.5,0.981,0
-0.060862,0.87723,0.87723,0.001972,0,1,0.982,0.5,0.982,0
-0.060737,0.88407,0.88407,0.0017608,0,1,0.983,0.5,0.983,0
-0.060613,0.8909,0.8909,0.0015495,0,1,0.984,0.5,0.984,0
-0.060493,0.89775,0.89774,0.0013913,0,1,0.985,0.5,0.985,0
-0.060376,0.9046,0.90459,0.0012651,0,1,0.986,0.5,0.986,0
-0.060259,0.91144,0.91144,0.0011389,0,1,0.987,0.5,0.987,0
-0.060143,0.91829,0.91829,0.0010127,0,1,0.988,0.5,0.988,0
-0.060026,0.92514,0.92514,0.00088645,0,1,0.989,0.5,0.989,0
-0.059909,0.93199,0.93199,0.00076022,0,1,0.99,0.5,0.99,0
-0.059792,0.93884,0.93884,0.000634,0,1,0.991,0.5,0.991,0
-0.059676,0.94569,0.94569,0.00050778,0,1,0.992,0.5,0.992,0
-0.059608,0.94975,0.94975,0.00045024,0,1,0.993,0.5,0.993,0
-0.059552,0.95317,0.95317,0.00040856,0,1,0.994,0.5,0.994,0
-0.059495,0.95659,0.95659,0.00036688,0,1,0.995,0.5,0.995,0
-0.059439,0.96001,0.96001,0.0003252,0,1,0.996,0.5,0.996,0
-0.059383,0.96343,0.96343,0.00028352,0,1,0.997,0.5,0.997,0
-0.059326,0.96685,0.96685,0.00024184,0,1,0.998,0.5,0.998,0
-0.05927,0.97026,0.97026,0.00020016,0,1,0.999,0.5,0.999,0
-0.059214,0.97368,0.97368,0.00015848,0,1,1,0.5,1,0
